"","V1","V2","V3","V4","V5","V6","V7","V8","V9","V10","V11","V12","V13","V14","V15","V16","V17","V18","V19","V20","V21","V22","V23","V24","V25","V26","V27","V28","V29","V30","V31","V32","V33","V34","V35","V36","V37","V38","V39","V40","V41","V42","V43","V44","V45","V46","V47","V48","V49","V50","V51","V52","V53","V54","V55"
"Angel shark",-0.417923137803549,-0.716809806078717,0.738376198460192,1.3639378418882,1.42401163818206,1.01061477703233,0.927075866310039,-0.221950245252169,0.593513145427836,0.582770052895942,1.07463122045719,0.60148509302353,-0.31448173402952,0.588158026011296,0.223969215057294,0.298010823780898,0.309151398493466,0.701392339661248,1.67484822301011,-0.626655143821675,0.0638477029232948,0.791086227058189,1.99136015584721,0.655350071854298,0.369743481531908,0.0926449340645188,-0.368663300552903,-0.778250017491339,-0.961586190397257,-0.401194310802703,-0.188805297988056,0.195036443077279,0.780362811009304,0.173770588980529,-0.277730059465428,0.652858618089179,0.271453041868098,0.980211234129689,0.921581144341105,0.500685005114744,0.0783643452199506,-0.0674765780694812,-1.30213617401074,-0.858144786623229,-0.778250017491339,-0.872196876217591,-1.13434442217672,-1.70571440550693,-2.17908100159072,-2.47458332323765,-1.66986302508954,-2.31446181110366,NA,NA,NA
"Bighead tilefish",0.967337319819527,1.09605965438318,1.44955540547691,1.19049114545749,1.16187224107715,0.877230915026427,1.22015658330752,0.12696405110384,0.426075809166472,0.301050866806522,0.471736069036598,0.722420128742925,0.329502131539257,0.793047840005117,0.835776457133477,1.17601972520135,0.293929800301686,1.78750427053357,1.7649717051832,0.0896046727162698,-0.250101695079037,0.481134041390264,-0.113591915898867,-0.35862025471292,-0.604651684433231,-1.17507183150451,-0.653115523292115,-2.2476762738287,-1.24993443928818,-0.722990209016357,0.383725689502399,0.898107617209406,1.11875394574301,-0.437385688579269,-1.86367111564961,-1.30007691863401,-1.44010418848776,0.869494466430589,0.885040932362685,0.584265304631165,0.69013321476278,0.524820582928799,-0.895559760620543,-0.413999401933932,-0.652861535671796,-0.640180849059762,-0.69210626298457,-0.3409238700593,-1.30223436240527,0.138152716026742,-1.80112020284696,-0.964947539844009,-1.12836856366332,-1.14807417731092,-1.25756703820136
"Black snook",1.03942845479682,0.968565482651742,1.88743453450603,1.75241498201524,1.36438462540653,1.22753605829842,0.914056989125468,0.695863509599113,0.937264766933593,1.41837438785368,1.5115345537734,0.950843800145697,0.813071357279652,1.05514913812433,0.985867677408765,1.05902704430453,0.79108523075364,0.880276158642302,0.524760261681644,0.267471268558449,-0.0760936766392622,-0.00642349823275347,0.195513189690805,-1.25256639680083,-1.16646892930799,-0.8976681455048,-1.59613134199855,-0.547108088547607,-1.08945212021212,-0.659789707521558,-0.8976681455048,-0.363401362881919,0.0260700112239691,-1.08945212021212,0.156690778355963,0.322458355863607,-0.311166032095623,-0.194892348888026,0.402646465380835,-0.0404288667611787,-0.793063775572479,-1.35017565497367,-1.25256639680083,-1.46285727394762,-0.513102720019181,-0.745887175014406,-1.46285727394762,-0.956178052161195,-1.46285727394762,-1.16646892930799,-0.793063775572479,NA,NA,NA,NA
"Bluespiny lobster",-1.34601068590347,-0.0673423437550941,-1.05441758413164,-0.578654583406766,-0.0673407120931178,0.455253654777166,0.679389919685351,0.304826909476677,0.595366637716023,-0.119664480211724,-0.239677945637843,-1.34600709660796,-0.119843042070087,-0.239812120856179,-1.89487634468355,0.213947530401538,0.477217860070769,0.455246801039953,0.180551757572956,1.06052978539924,0.455246801039953,0.767640139596369,0.36334768167726,0.807601874813817,0.180551757572956,0.739547468371075,-0.119851016674769,-0.854601708119184,-0.702413866777189,0.0263243895370854,0.845222584551713,1.59230324444673,0.845535607925466,-0.0633527369182736,2.51701822120884,2.30360085241582,1.92086868481484,0.96312971986395,0.248173691016061,0.358975829956916,-0.476101966292302,1.62031374188066,0.725512820021428,-1.05411965040522,-1.89487634468355,-1.34555167178989,-1.05387476681406,-1.0544197993748,-1.34601068590347,-1.34601068590347,-0.702413866777189,-1.18914163032041,-0.743872600900454,-0.0381378865373185,-0.64484814330162
"Broomtail grouper",0.736971078578932,1.25361570085054,1.4492817047974,1.4492817047974,0.872814077450209,1.08723974234654,1.08723974234654,0.736971078578932,0.872814077450209,0.872814077450209,0.841100050920263,0.905616376243448,0.193813279498889,0.528663289310033,0.512738719449319,0.506678313483606,0.596396611077971,0.790156472069586,1.4959839151114,0.126055542192817,0.791542611559877,0.339101086884079,0.557635978023788,0.0772058595704697,0.302682356731573,1.19225153702576,-0.0147794074189068,-1.04549150728936,-1.06189735232933,-1.78851474250326,-0.387964478566611,0.0210563973615181,0.193813279498889,-0.834823060977652,-0.451081148686861,-0.153322114570764,-0.528101567031708,-0.561281958477998,0.388226435985791,-0.394719600696964,-0.742837793988276,-0.623152283508187,-0.753734861987949,-0.953976732531775,-0.742837793988276,-0.872466460643625,-2.3511570769702,-0.436586792274118,0.698762333417473,-1.93343976208009,-3.38593695748551,-0.348669305929597,-0.488598386618229,-0.623152283508187,NA
"Cabinza grunt",-2.14266025996645,-1.94065321376144,-1.65918771351993,-1.20571655795227,-1.06079458148197,-0.814796340953223,-0.514347108166176,-0.201156348829779,0.516237405002755,1.18993582583355,0.160494531918673,-0.316535079930009,-0.825583636978035,-0.0277005501186966,0.459097231827312,0.709608933586988,0.409512714688495,0.686239009123195,0.0653220256904905,-2.23663974440246,-0.724841918235395,-0.964540085325206,-1.72085238452756,-1.80560423074586,-0.286297410184815,0.132404770556517,-0.0813885309053729,-1.95126324122647,0.363580105190437,-0.434203825558761,-1.20049289565431,-0.0910967570628044,0.342625432935197,0.310142843947138,0.469593426076715,0.76481077204329,0.939773141484016,0.945877063447415,1.56615732775306,1.50903652278487,1.02841089890692,0.864964788190405,0.450926184708132,0.600828246837538,0.984668699765284,1.34997415409768,1.21653890247961,1.0671775344582,0.0366542567149064,0.495555982943751,0.444781913851147,0.661739265557747,0.872575610564123,0.251734064316349,0.339372828205069
"Californian needlefish",-1.00438518410243,-1.20417654275868,-0.685246116274763,-0.976034853896754,-1.68555800588768,-1.96714811036044,-1.86009252118869,-1.00438518410243,-3.2115011410912,-0.415948131801679,-0.415948131801679,-0.241413616500669,-0.0416222578444157,-0.25112687483065,-1.03394226812977,-0.742359377591473,0.00725626589712308,0.468109535490261,0.326040369929871,0.0271950511419959,-0.0711793418717587,-0.222385394713409,1.47297545223878,-0.203864653145758,-0.59939787414735,0.083790875467453,-0.17697794128925,-0.0711793418717587,0.461129711415685,0.721349309757341,0.417710158161917,0.9028154192187,1.69428585443438,0.277516809983247,0.673951220587006,1.42125701155163,1.23684451085475,0.899091621290921,1.32713667375243,1.11137158789542,0.747380817609673,0.330288007939599,-1.09712095358694,-0.222385394713409,0.083790875467453,-0.0636713049670887,0.868559818998829,1.41684195122983,0.895347748883812,-0.537625032590557,1.05852800610977,1.07611088575281,NA,NA,NA
"Chalapo clinid",-1.41470134575167,-0.146666221412026,-0.0504402884221293,-0.167315248297909,0.970792002763537,0.225722043371341,0.837405475863089,-0.882860128259706,-0.0688199974989754,-1.75376874447146,-1.2468918614113,-0.407887396218766,0.623644897716387,-0.146666221412026,-0.146666221412026,0.401805378522874,0.0680139790041598,0.670992057121491,0.324217294170274,0.547183673929724,0.185574665117168,-0.0324558727109237,0.472801952535752,0.300659592701657,-0.380467133151128,0.312521395831778,-0.353917503269307,-0.0876127681300051,-0.706154356831247,-0.933557049909955,-0.353917503269307,-0.495994400391231,-0.210208911777124,-0.0504402884221293,-0.560352539967159,-0.630079835062777,-0.667252314770653,-1.5131965965506,-0.255422252470374,-0.667252314770653,0.0989894868413932,0.0680139790041598,0.529199258218519,-0.46558220891039,0.981444925163522,1.27706135075372,1.96464068329329,3.08932317708366,3.05500872663839,1.17016157595022,-1.04522175555104,-2.33340829111211,NA,NA,NA
"Chilean jackmackerel",-2.3750814935614,-2.11787493719654,-1.78929284429557,-2.0003035178049,-2.06271202331682,-1.8032203809608,-1.72595141933536,-1.29612349909896,-0.836429427027478,-0.307816866935605,0.404382447604097,-0.38391140079501,-0.154117880940519,1.28092549448594,1.10927788736898,0.507099217455309,0.374787851540518,-0.384805212142995,-0.206112726876254,0.0712641118714939,0.648623613516029,0.153671585575524,-0.206606885190989,-0.255906859207844,0.346310210583966,0.458678245639557,0.655619176465623,0.439812983674325,0.217617300699956,0.411846545196396,0.675117636089657,1.09240754410051,1.19103778931927,1.44776049276283,1.15083845643882,0.651926515495631,0.945401147198802,1.51917480831647,0.521109439269764,0.73994939923476,0.6438872473624,0.103707724578374,0.896996314376637,0.840587843480367,0.578835357413431,0.0523615889842912,-0.87847860821928,0.847491604300938,0.643236462824971,0.112067256899593,0.109150434289036,-0.708888368801003,-0.984727573729546,-1.25206073236348,-0.112539076613909
"Chilean silverside",-0.918654838394913,-1.63210674648941,-0.745586073159526,-0.276563207462198,-0.350802490923781,-0.392257715168287,0.24697760477762,-0.135306278600948,-0.363760840534451,-0.818888903217409,0.444009898580006,0.806438786661751,0.060092006508746,0.0394087949808038,-0.520791080794418,0.30463703301471,0.231714589700087,0.363913777028059,0.637885972035424,-2.08493738701586,-2.69371614560489,-3.89187640996418,0.159359495653246,0.160263320637237,0.394056911177851,0.789576460769625,0.787600351469254,-0.543744166799133,-0.281169470153043,-0.52912907799166,-0.224622186951537,-0.184548858935239,0.134189797727327,0.343416573306498,-2.77113991594408,0.517042209239348,0.860269997006288,0.590191786395347,0.859368947889945,0.647513468324914,0.843378799485042,0.782562116052026,0.810989535045814,1.0408545214702,0.771340154887791,0.9303827309704,0.583375742799818,0.875945510023557,0.648988562738937,0.64847412567347,0.751957132687838,0.602082735990567,0.283982823782272,0.0347137121175135,0.372645807495647
"Chileansea urchin",-1.82352590471447,-1.82352590471447,-1.82352590471447,-1.55008762298052,-1.27664934124657,-1.27664934124657,-1.11669820017059,-1.55008762298052,-0.877584867138197,-0.444195444328264,-0.586610896133185,-0.409870495626707,-0.399061927643759,-0.553717847562912,-0.569821636702693,0.0235189271832257,-0.0270758759323169,0.114457756450224,-0.0528124823839374,-0.509011035141803,-1.82352590471447,NA,-1.18862187613869,-0.0998309285053847,-0.176779997950138,-0.208355889860862,-0.368307030936848,-0.641745312670795,-0.182896214310785,-0.78244931687575,-0.729772777778679,0.10268111913963,0.596881143510453,0.563950968399938,-0.0440457204211451,0.975064987510904,1.09351328442009,1.19699420082245,1.22070137214403,1.18793812328851,1.0311235137944,1.33933616853322,0.402139031170684,1.16149752978724,1.25322188749087,1.14779288240793,1.0095263192918,1.07515014797646,1.22938706103518,1.04204720363098,1.14821524653077,1.06719597304146,0.944088828779545,0.780580512536551,1.20983913264897
"Cholga mussel",-1.63685483389641,-1.44215018467611,-1.24563605761385,-0.79183411551428,-0.865685271085428,0.0416430761946454,0.395193211430566,0.452011144739103,0.609036988667987,1.09856802955268,0.337442863560246,0.729277537230544,1.35766593865909,0.591724517781829,0.963133074801957,0.907224510650084,1.00518260303314,0.476655919214841,0.755691101577206,-0.831274083649731,0.242438354053391,-1.10693096962953,0.0966455112508779,0.244650486032257,0.173204867181241,0.822454149757005,1.31273174417186,-1.45696582954797,-0.123900186275123,-0.633229282219064,-0.270467632519082,0.579475772592334,-0.627623903773233,0.304097966168581,1.25931509989769,1.12005829069216,0.94668190222109,1.11667699438024,1.25100048381938,0.43685754287699,0.294608467310201,0.179413218479322,-0.88324859653288,0.104616652930303,0.125614883071942,0.554927018169185,0.177208868770248,0.254033173569031,0.0914285022495858,-0.311230481876716,-0.64574560319495,-1.19637082362666,-1.57707990415021,-2.19060431440439,-3.5717583925532
"Clams",-2.35466652499355,-2.20848775209089,-3.34285121471758,-2.95128330930329,-1.88733264083216,-0.532967691446068,-0.0562184959921877,-0.644269348509054,0.113616972791111,0.146171579205254,0.284655650225294,0.434443973204987,0.848113863249806,0.521085689179301,0.716591599873391,0.801968197704186,0.84583057012537,0.859252891011406,0.631571572073546,-0.106932494055633,-1.23166726478772,-0.0625001280136104,0.652028363934032,0.748908607508329,1.0099784620589,1.31352261578341,1.41095815513884,0.295906508522069,0.749824641968429,0.0782809644326283,0.052818374462469,-0.0312423501596713,-0.244125095413545,-0.605183372354642,-0.86477172931783,-0.365630019362838,0.317524031514659,0.307690601490448,0.331288900965182,-0.251179069659732,0.41045452169668,0.791284832095614,1.04400873340255,1.01588453649478,0.762311023286027,-0.397609801193296,0.170009662412534,-0.10628966035797,0.179743753235871,0.487041052982531,0.47523907711655,0.688494882306531,0.0218015687043213,-0.807908827772405,-0.465189639823347
"Corvina drum",0.881505238050902,1.30822706863781,1.31161085534028,1.04755318665972,0.754891874928852,0.725732354701082,1.25279076458331,0.391571960783609,0.832454727276052,1.0317242507763,0.47165351354198,0.271565876687308,0.268990609434016,0.652535214323541,0.288509659189101,-1.63878432194458,0.415246737337719,0.117870978435029,0.373866816389359,-0.341671987724983,-0.894228373579304,-0.73193792887366,0.264678537827962,-0.62419757024154,-0.593330512975394,-0.224205337370557,-0.535200026317616,-1.40041652033052,-0.932293406145369,-1.06499590326771,-0.568997007231696,1.27970596973126,0.364853279241195,-1.2802182016897,0.0211821364279942,-0.442166295203343,0.419471257866042,-0.0297605749972005,-3.93266372772384,-3.20478500783599,0.385717055183419,0.189175936674692,0.801220874290885,1.02212458906475,-0.247981915932071,-0.201166954879534,-0.34363263730781,0.189175936674692,-0.114119681864692,-0.186725528520732,0.414540306598578,0.599941879180651,0.763332554533234,0.680219536027274,-0.260162114440761
"Crabs",-1.67913578742326,-1.73188563258502,-2.33932421454928,-1.63878319024611,-1.31424189442728,-1.81639958490492,-1.23080319490329,-3.216391717624,-1.03915570657796,-0.34859691885325,-0.0905154596016362,0.356432628083961,0.412185870035107,0.218632097785755,0.0273864770401786,0.162505015090939,-0.0994719700116054,0.0882628121239898,-0.00598408942926045,-1.14430761003044,-0.560264111919639,-0.255698652357235,0.572929336085262,0.402521160590308,0.311994688235103,0.666855547104445,1.41564048406576,-1.15667619388503,0.227698745175282,0.0113406172004815,0.320285219355066,0.956831367132207,0.474848338318968,-1.25445508270868,-0.312089557370471,1.6692178243035,0.590440123178256,0.450632373016478,1.06674292135276,0.988086328895752,0.734008589231041,0.706424258167357,0.220286475162792,0.489621892834282,0.565248701701117,0.646765501421933,0.457233086281528,0.591597081842636,0.972976972138668,0.867687603038475,0.657673200281392,0.951120601742566,0.894379269055238,0.590440123178256,0.497247239161525
"Cuskeels",-0.268363627674999,-5.72286511741683,-1.06970163058833,-0.268363627674999,0.143364446271792,-0.715399478607703,0.568931604590898,0.0263593710284225,0.338933333905289,1.3310409017904,1.03343743345208,0.619382555418737,0.156411649533185,0.51754967031395,0.533844357269369,0.463731205048407,0.363991501058343,0.0797727664747267,0.0595194024842891,-0.994449113468953,0.756452967280963,0.519692304471652,1.12285771699612,1.18816246273674,1.54514098056263,1.16419636963746,0.779034573077498,-0.25791816798203,-0.202590439156962,-0.0521497418894712,-0.0535196223419033,0.7678164152174,0.439057290874935,-0.382278746684367,-0.410650076477562,-1.08733857119058,-0.173820378045134,-0.181717895374698,0.367392312492478,-0.247595598901897,-0.164436243121363,0.370779993347847,0.157490209289839,-0.412712141472636,-0.468100952009696,-0.372364423665696,-0.940078998729748,-0.71831930909445,0.19339399165877,-0.000327078912929793,0.0276101313992476,-0.40859284634037,-0.00680244595320454,-0.0548916449069393,NA
"Dolphin fish",NA,NA,NA,NA,NA,NA,NA,-2.17317848840556,-2.01361645115949,NA,-1.38394152322618,-1.01726390617727,-0.616918158319457,-0.683071461134207,-0.732376639799967,-0.661480981185355,-0.667434941733185,-1.11892170043974,-0.805163858128085,0.268040720431807,-1.14628357346288,-2.17317848840798,-0.383626143929277,0.334969419545732,-0.809300390067937,-0.998384335569926,-1.0494804421102,-1.06700140895818,-0.000291338274105723,-0.112245772207499,-0.0795462560237135,0.217659462454486,-0.408169458171593,0.0685894077070349,0.748507710387885,-0.270270516085268,0.449782060323298,0.849435779222842,0.873263100116543,0.949487094916442,0.895339566709395,0.967796934047068,0.926110455132544,0.945880741314526,1.09162573949101,1.15476558236405,1.1249319720176,1.03767715692023,1.02415280790313,1.14406355715321,1.13863724885885,1.1896547487564,1.00399791273981,0.889600813684072,1.07717624077909
"False abalon",-1.46962769789333,-1.46962769789333,-1.46962769789333,-1.46962769789333,-1.46962769789333,-1.46962769789333,-1.46962769789333,-1.46962769789333,-0.288598936507884,-1.46962769789333,-1.46962769789333,-1.46962769789333,-1.0572515935972,-0.272220498381794,-1.46962769789333,-1.46962769789333,-0.89078465482599,-1.46962769789333,-1.46962769789333,0.314115799343078,0.525439035397302,0.697973780870273,0.811790060289923,0.423159876273167,0.431254701765523,1.09983321383431,1.1958111090093,1.11912682365343,1.0994110509388,0.903958158597287,0.864586116037322,0.677101472643057,0.883835034719033,1.02368623299543,0.530129325707397,0.831664344826871,0.686559296133058,0.392387968526973,0.473522792317535,0.461144986674975,0.902630864737624,0.960391790199887,0.840621001493832,0.862016699761055,0.886979415347403,0.201173431318309,0.824831775463524,0.638439292468135,0.666202416099991,0.495629279730709,0.672922577206784,0.367485801896733,0.420066609436241,0.319977397481593,0.047411618516965
"Flatfishes",-0.356933602198209,-0.951029671940824,0.285566953772989,1.22277388565281,0.800885765651396,0.220896861547794,0.283655661003819,-0.153942651794836,-0.0522971162814082,0.453306163882247,0.407387039352524,-0.0573133060794306,0.453306163882247,0.818460341159596,0.541926980929779,0.924748641930161,0.549680137922131,0.365102733498891,0.347052858967223,0.866153020597155,2.21981793969378,0.593723433953654,1.18338061543578,1.34958343775238,1.31153058695968,1.45350137972916,1.74800801339968,-0.477577082780124,1.72891115472961,1.0395194079591,0.428004226819539,1.37139052170568,0.0206241485196061,-1.16953671729206,-1.01428519232003,-0.847500532949573,-1.33982496824711,-0.630863992749013,-0.881065727673994,-0.135078847576936,-0.285541052513223,-0.945900179799541,-0.675404612928427,-1.16342898100931,-1.52072310638105,-0.992842097756145,-0.734491352916024,-1.40463066242455,0.228916340659995,-1.60458208166809,-1.61328615578359,-0.852240688851013,-0.425885723579645,-1.42700193952796,-1.50460637204632
"Flatheadgrey mullet",-1.60369747936611,-1.39243020618822,-2.26893047260515,-2.8051137584107,-2.44423295631328,-2.36240786826957,-2.1678088368446,-1.46021429452119,-0.703859551742985,-0.339587787779159,-0.251303847242071,-0.462877288594883,-1.02938479709367,-0.450897750036198,-0.204668774923578,0.315630637961445,0.610932445663133,0.531022363196236,0.442163112020221,0.524068095906396,0.725024408056542,0.446902847283817,0.548508562498463,0.890759030277678,0.532913777482144,1.05262112769276,0.740083880145567,-0.456696353334924,0.845974962807359,0.409250814594834,0.544707408376492,0.518674311474644,0.35148443850037,0.310123374211613,1.10094949920898,0.746969798502488,0.96955148438335,0.881883520886679,0.680357645070186,0.654956196260701,0.224447215336277,-0.296728459515533,-0.779314418480775,0.0870871228200497,0.492565297598296,0.626253717964461,0.116115125813323,0.314536351208642,0.632593859398123,0.333220320594192,0.358630725682212,0.358826218170094,0.533023741254053,1.16055602847442,0.866785434486384
"Flyingfish",-0.356933602198209,-0.951029671940824,0.285566953772989,1.22277388565281,0.800885765651396,0.220896861547794,0.283655661003819,-0.153942651794836,-0.0522971162814082,0.453306163882247,0.407387039352524,-0.0573133060794306,0.453306163882247,0.818460341159596,0.541926980929779,0.924748641930161,0.549680137922131,0.365102733498891,0.347052858967223,0.866153020597155,2.21981793969378,0.593723433953654,1.18338061543578,1.34958343775238,1.31153058695968,1.45350137972916,1.74800801339968,-0.477577082780124,1.72891115472961,1.0395194079591,0.428004226819539,1.37139052170568,0.0206241485196061,-1.16953671729206,-1.01428519232003,-0.847500532949573,-1.33982496824711,-0.630863992749013,-0.881065727673994,-0.135078847576936,-0.285541052513223,-0.945900179799541,-0.675404612928427,-1.16342898100931,-1.52072310638105,-0.992842097756145,-0.734491352916024,-1.40463066242455,0.228916340659995,-1.60458208166809,-1.61328615578359,-0.852240688851013,-0.425885723579645,-1.42700193952796,-1.50460637204632
"Fortune jack",0.363642123416173,-1.40096137344263,-0.592496087961912,-1.18925705224449,0.129293036575652,2.0625536823752,1.5743071823331,-2.20942665892335,1.04238407569634,1.50201382741417,1.05119731655795,0.363642123416173,0.40694266004729,0.815752329565217,1.31978033479426,0.987165921257182,0.937758322056371,0.623884703116016,0.726054000858234,-1.18925705224449,0.340997357773789,0.739557073584367,1.05119731655795,0.215969197518806,0.712298519686405,-0.00487681659558143,0.0310277098790967,0.0652616412748822,-0.890876570103203,-1.40096137344263,-0.890876570103203,-0.777437575601622,-0.0426233886283339,0.523379201733023,1.00603610430544,0.486576692454775,-0.380791766763775,-0.380791766763775,-0.679172248905066,-1.40096137344263,-1.18925705224449,-0.890876570103203,-1.18925705224449,-1.18925705224449,-1.18925705224449,NA,NA,NA,NA,NA,NA,NA,NA,NA,NA
"Grapeeye seabass",0.582854178277577,0.276506158460358,0.284146239237495,-0.119001264225317,0.188476868586928,0.852890647041819,0.536111714016057,0.820080154995851,0.62447582481136,1.11771621135988,1.34991206553566,0.251029291328999,0.711592551927331,1.53185158775103,0.365279348600047,1.58452112133742,0.541338651219007,1.48744568697903,1.40956203384022,-0.852538687605674,0.65898937189103,1.00740791191934,0.351314248356361,0.240386431199456,0.432204271097669,0.939254113569292,0.699805730449181,0.04989145138185,-0.475924581490616,-1.27667716176913,1.0253701928545,-0.523344818008992,-0.0884938970313549,-0.368634729344754,-0.130473748061156,-0.365694870141969,-0.280296798742798,-0.00221453498515081,-0.985644768804412,-0.345143242406044,0.0075683680993703,0.0796409181711311,-0.990724826576585,0.774462218894715,-0.0164469043379116,0.139912327550563,-0.79836496292511,0.362747569192207,-1.34096321591169,-2.11193179376367,-2.11193179376367,-2.11193179376367,-2.31381724558267,-1.71921254911445,-1.95533727157594
"Jumbo squid",-1.17484268674799,-1.15892676611243,-1.15453705090944,-0.88147842101496,-0.907123462249375,-0.719845389028718,-0.781417597351955,-0.845735508555855,-1.50067397627408,-0.609156992308587,-0.609156992308587,-0.609156992308587,-0.669645401913647,-2.37684028928728,-0.609156992308587,-1.37746546780309,-0.609156992308587,-1.36809499003333,-0.608790695276738,-2.25039177388685,-0.598270652065611,-0.550095944788696,-0.442214823827044,-0.602885367335985,-0.494342548981412,-0.394414406011841,-0.00359696357049432,0.678604191745067,0.754383010627947,0.83286911644392,0.947581560425157,0.761270097230837,0.02205080370196,0.217505521943131,-0.728166750297413,0.572623735253855,0.56266010199858,0.645154592847628,0.846075092632601,0.858786389872774,1.01969295997315,1.04156490548811,1.15477059790085,1.15032300238522,1.21310583616172,1.13979281317559,1.10914470182973,1.13448010372198,1.1932331638613,1.16534694136019,1.20401514679791,1.19955179907318,1.06794643102675,1.04283764572619,1.10021163166183
"Limpet",-1.21374114847945,-1.36845843299881,-2.32964999705595,-1.69433693050802,-1.36845843299881,-1.69433693050802,-1.28679319404444,-1.84905421502738,-1.14765753495117,-1.21374114847945,0.105091099258584,0.135461785718574,0.309711436560629,-0.111839910688465,-0.202405825804403,0.0513158530574818,0.375795050088912,0.548486603305835,0.509176708097726,-0.525066901524397,-0.932610637987981,-0.0706384948377849,0.758785738252735,0.245166898362206,0.712961950939411,0.712961950939411,0.778653950138502,0.210492015653686,-0.452014855959412,1.72699612155283,0.423164413202288,0.164557795410065,0.717255173024212,0.635589934069838,-0.365232596352526,0.595958967704612,0.543005522182158,0.770774852266502,1.27090300061777,1.67307604290496,0.948099244960771,1.51916701938804,0.423164413202288,0.960263647346451,NA,NA,NA,NA,NA,NA,NA,NA,NA,NA,NA
"Lorna drum",-2.09849151042453,-2.53467725312735,-2.01673629858681,-0.722950130587195,-0.726401317218624,-0.211037998373282,-0.630354774954258,-0.556974747165042,-0.871776700228429,1.48849126946429,1.23993564980293,0.976682715157509,-0.949383288248676,0.956133479765195,0.997275348873048,0.205408310935135,0.732189046317577,0.93763642049339,-0.213920951325218,-0.948849060816717,0.48932558536147,1.26639271828437,0.367229353206693,-1.20759793341739,1.08274185681663,0.768578514011127,0.129211428497338,-2.73447799346154,-0.737275422327547,-0.251386612717204,-0.487761340560693,-0.424088263735359,0.658927021393165,-1.58777770917391,0.0589789392964722,0.251272957967361,-0.525150052228155,-0.95250410450211,-0.338987535903752,-0.00198875975232306,-0.155413007189923,0.186882702166858,-0.0731857106256167,0.724594056929852,0.907805033300592,0.875963155004619,1.02712791893592,0.920338929820013,0.856944049687829,0.535026198581991,-0.0276182816785582,0.478464072387675,1.32741505759597,1.15914979975008,0.38064516852513
"Lumptail searobin",0.152346374797929,0.152346374797929,0.152346374797929,0.152346374797929,0.152346374797929,-1.1586114395565,0.152346374797929,-1.93086504429468,-1.07749693761174,0.75046554380275,0.871789641502879,-0.302131101428645,0.473190206596406,0.580599741886883,0.703249490291512,1.64952878490721,0.740062039575367,-0.39469658912248,-0.0977421083804836,0.716532149064768,-1.08811089495017,-0.303842432055216,0.650140250086808,0.142635745963393,-0.833436665451249,-0.418886187312058,-1.12879804021909,-2.05470552500726,1.08161614313102,0.840562393544307,-0.581314850468961,1.67802044327361,-0.810768537124703,-0.500040326175732,0.397978844843955,2.99405716020676,1.76602339506385,0.466698554992212,0.185716906392396,-1.05135907786647,-0.903509870574408,-2.05470552500726,-1.72221282854689,-1.21732561640679,-1.28843486906601,-0.541847240126886,0.0754079061196838,0.575666065305582,0.0233129835134367,0.414249726690317,0.717106809924445,0.349897217812096,0.428557508601018,0.569496235167974,0.704201569705459
"Macha clam",-0.235049874057402,-0.0831578415207559,-0.150323611692597,-0.292643616024816,0.00351659377473988,-0.036944277579659,0.317464308183067,0.563397199367619,0.576745959239335,0.481157514009376,0.561118199588985,0.609877834954005,0.626508978185275,0.670754117061199,1.30050309364863,1.28594753540582,1.13100719295971,0.917970637409805,0.871506586986212,0.627131975132198,0.782142129726253,0.799456878151183,1.07369089804792,1.07745775750284,0.972486503472936,1.08684015239915,1.02010051826813,0.450522150104424,0.966617278196426,0.973132154868886,0.860450834296861,0.897742495148122,0.857397192715536,0.857703849172888,0.660243772770969,-1.41046072664589,-0.629907915642251,-1.41046072664589,0.0394997210510614,-1.41046072664589,-1.41046072664589,-1.05284506267142,-1.41046072664589,-1.41046072664589,-1.41046072664589,-0.282308912922361,-1.41046072664589,-1.41046072664589,-1.41046072664589,-1.41046072664589,-1.41046072664589,-1.41046072664589,-1.41046072664589,-1.41046072664589,NA
"Octopus",-1.86566192127453,-1.86566192127453,-1.86566192127453,-1.86566192127453,-1.86566192127453,-1.86566192127453,-1.86566192127453,-1.86566192127453,-1.86566192127453,-0.265994215938616,-0.827297667437715,-0.950926375949058,-1.86566192127453,-0.60482180152965,-0.378526453411141,-0.403119354129163,-0.496103542579758,-0.305962627720165,0.028181425609261,0.455627277659114,0.475177608039856,0.468645221468685,0.480395990961804,0.74358065226974,0.58720892556434,0.641558635356881,0.600420356735441,0.0761137109140161,0.165771584165702,0.604900089568942,0.353335427650247,0.451754449622748,0.433998224237714,0.743207547278666,1.09703538597208,0.690274070092164,0.45988026970753,0.371803522070718,0.649231243960629,0.652641393073513,0.611785784884547,0.554699582516327,0.735850555102392,0.711773166366266,0.900329992014676,0.539248108488176,0.852721756097017,0.847925669450605,0.863441265305898,0.624634743455478,0.765087224138112,0.889486109622359,1.1135814922309,1.16607682125269,0.481985968535336
"Pacific bonito",1.12729122671778,0.986304498508818,1.07993157155623,0.999523604673286,0.88852022807007,0.952714655838619,0.926343882684046,1.0982756418739,1.00455379665815,0.559752508210707,-0.532359472226559,-0.820888855455377,-0.951733058581083,-0.716049426410298,-0.853997225530494,-0.77030760249815,-0.587628227071282,-0.390110974351252,-0.0828345055851464,-0.0313387145597334,0.18320385321975,-1.34664042680656,-1.0989919049416,0.101088581380853,0.552426072222835,0.362966980331827,0.665731815943569,0.348421392878949,0.574359128433665,0.61508004855264,0.492073801622698,0.422057268808242,0.276206499436726,0.0929974678330865,-0.754553910443775,-1.98460726428153,-2.5445174792895,-1.77509932563464,-2.05613506553817,-1.40037728051927,-1.67273186333948,-1.14756850124668,-0.109168949241737,-0.339980692102446,0.716017561468398,0.47792364889163,-0.119180651551178,-0.942410808744102,0.302653957073531,1.13190593196393,1.17564092572255,1.26891584613025,1.14816561112229,1.32483568491614,1.17332849320491
"Pacific chubmackerel",-2.7586948759708,-2.18656470275169,-1.55655453507606,-1.02591614366595,-1.60169780061327,-1.60480225508348,-1.41678732124759,-1.28785701667644,-1.42604087885226,0.421228425633843,0.40001043025734,-0.506055042437619,-0.0153894489327102,0.106906130745031,0.833808974952295,0.974204723747799,0.337017436879392,-0.203859545516132,-0.569017199913023,-0.544599862723722,0.694509396071099,0.305998610024454,-0.0480720818934932,-0.489805574612158,-0.434827963372809,-0.227982397597336,0.361125822063281,-0.790879481917301,-0.760371958281298,-0.301706156466052,0.0685147840375528,0.0705741111473873,0.169022463786864,1.49360659561208,2.16086621717796,2.37736103374153,0.544514812126022,1.35151569551049,-0.203119190644981,0.767832458768827,0.386019396546954,0.239342287030947,0.843872824451109,0.387372706551413,0.753699050969396,0.914655903349486,-0.636729593961089,0.125713700338396,-0.389019860467166,0.322850329623852,0.540288256770682,0.192802518188743,1.3100836011293,0.955193869055528,0.575838322385403
"Pacific menhaden",0.895880431293774,0.118918474071775,0.852901785046905,1.22310803369361,0.72125656083489,0.828409213103298,1.30260520453931,1.46770244463361,2.07617711222272,2.2252636730478,1.1092304752269,-0.870306997149427,-0.956360353009608,-0.236118082057669,-0.0168843086263938,-0.944037457358763,0.638105137057336,0.335213223541848,0.452782759936084,-1.02304357428821,-1.25000520245327,-1.74711066197214,-1.46209616834722,-2.20864659559933,-1.48195285921983,0.115792199807927,-0.00023300475130818,-0.848630762300736,-0.0685754541395859,-0.0947926166475448,-0.439935995053401,-0.822195319898471,-0.118610023429942,0.132137495210971,2.15241295374564,1.62462453095883,1.27018141224531,0.408797722937803,0.395515774982211,0.260574846312004,-0.162259315493414,0.513338665125316,-0.694603821010717,-0.287376792743964,0.107002325744312,0.515029047286978,-0.302016411011527,-1.471905786131,-0.522047295596165,-0.748226428539403,-0.64718327728781,-0.233024300893782,-0.495515376311459,-0.972935956786969,-0.616331304498099
"Pacific sierra",-0.363903492590615,-0.178509722702011,1.12641144652163,-0.104228587912073,0.435660408864076,0.0603767168654499,-0.169520024383661,0.0859196721676925,0.563211849953797,0.815821425484211,1.62180702824883,1.7644057749492,1.08979962373555,1.11944312056356,0.376667078686869,-0.0746522955255698,0.203514572380386,-0.34909752055059,-0.0915440279986063,-0.108124287942146,0.715665940614346,0.42492019452261,1.43492477831239,1.04953573807428,1.33084140264656,1.423594989278,0.451411022959578,-0.647434582611544,0.525094859296812,0.732560081424984,-0.358235964221984,0.388957788639818,-0.114347091361671,-1.80526257282465,0.634567979479724,1.92533114788385,0.735539564792326,-1.1211728845497,-0.584293010631432,-0.399799491190231,-1.04735692060656,-1.4085843286301,-1.28244103900306,-1.88718656486777,-0.902195257615904,-0.453411181264056,-0.190463293431638,-0.448707155462407,-1.09212963743507,-2.56706860484818,0.766759301036789,-1.74441215789938,-1.05742048136699,0.0537358686840681,-1.30497719663982
"Palm ruff",0.366695837478197,0.0862834162121138,0.324179440949946,0.346192323875889,0.404046270278957,0.379826249902512,0.500796434173975,0.957414514971938,0.808578527090439,0.756755837026972,0.700577589536597,0.591260545811812,1.16469974104041,1.31621336979971,1.18426842177348,0.703907732719876,0.795075948508723,1.08332998120298,1.49834544869071,-0.238234466279396,0.426158427933855,0.823477766038569,1.60693527183828,1.74023443013247,1.26436610367257,0.83086509800417,0.742149997019111,-0.015572120544727,0.822491513148462,-0.11792728505112,0.667318373591664,0.565699950629792,0.0699403548183725,-1.45748007005329,-1.24871281899236,-0.495340526240479,-0.546992511618697,-0.0272231326998692,-0.278469022640034,-0.554949033710433,-0.230441268223717,-0.905707678107229,-1.72368896115231,-1.13018939042101,-1.00166814475094,-1.35524911242393,-1.5962623924094,-1.11901251664752,-0.747541943140065,-1.35272051693502,-1.71139777828971,-0.986575848017678,-1.16562158687484,-1.74152501928435,-1.77958177336442
"Paloma pompano",-1.43220741673687,-1.65958273754785,-0.0581892908780979,0.81173786496939,0.599367030902249,0.33759389838265,0.174332442460425,-0.711104445612301,-0.737111572123631,-0.921755872355127,-0.524198137096201,0.257969357333409,-0.70252516231509,-0.377191738175401,-0.586850388476867,-0.412741011423695,-0.808524200684444,-1.22052413191262,-0.00113599125745404,-0.153760289357662,-1.37991686940362,0.355786821537683,1.66387248684877,-0.486208204136885,0.184393610367288,0.452432965378259,1.33758445900072,-1.01205479816821,-0.781383199037755,0.5193473182611,0.712598702572934,0.477842965905452,0.567820473574271,-0.356221931477243,2.12906116364653,3.22684001957979,1.86692829879427,1.0602600406427,0.618783481753836,1.44190477579591,0.460946253898187,-0.781383199037755,-0.781383199037755,-0.0640039645048684,-1.35437655605392,-0.586850388476867,-0.586850388476867,-0.524198137096201,-0.255171210744594,NA,NA,NA,NA,NA,NA
"Patagonian squid",-2.06975777019811,-0.921663401861311,-0.579689072792557,-1.67993621077222,-1.71566252849806,-1.25598759211872,-0.96263602491226,-0.744379556756411,-0.42840362870167,-0.859197811178506,-1.4080558362822,-0.681239853972563,-0.808966823858491,-0.995911154666481,-0.829506353645209,-1.08851166607919,-1.17783338732753,-0.330531275566987,-0.0164667783984279,-0.762727818959078,-0.742991817641118,-0.223028271434023,-0.171476354773693,-0.319043198987615,-0.528598748159186,0.123927228245056,0.847124785258705,-0.381868376739606,0.323191294001241,-0.0776704398513885,-0.124120479655295,0.955381932786863,1.1169252205244,0.540279754221351,-0.96263602491226,-0.0615407802455428,1.62531989158464,1.46810031683562,0.850903865591927,1.69017417766783,1.23155897923575,1.11436403608893,1.0472059474619,1.3295419885347,0.657351635036292,1.26319163264418,0.675087405855259,0.234634451521838,1.51993387061427,1.39796120347432,1.15729047826925,1.45528513717479,0.88858186437958,-0.0688962529118548,-0.53438180515113
"Peruvian anchovy",0.834206493195525,0.64394515436061,0.797964512013335,0.933050928898737,0.973224954135124,0.844521050081841,1.14431063815671,0.974535142181011,0.190385275682082,-0.78913355050503,-0.00815795052873329,-0.147191723892225,0.0605658721301197,-1.36555385387592,-1.00630981370341,-0.883051058991973,-1.44978681042412,-0.97811469789213,-0.674124933913177,-3.02548225900686,-4.4366832977248,-1.30911440700965,-0.0278952153978826,-0.651319059234005,-0.266324336453023,0.0259503947295223,-0.193493995278428,-0.146554808392637,0.274129346206397,0.613294757291286,0.929409545351251,0.550973921051236,0.672588498593287,0.462773604115666,-0.928852864403819,0.6020068120375,0.91577346680473,0.531024868777396,0.752655388462759,0.360527947168629,0.828303903364204,0.813596833568417,0.456893674581377,0.492203218630908,0.505986562472369,0.45288401614018,-0.0524043448681711,0.564476565628491,0.0240025764149971,0.238529757757884,-0.480208056220654,0.0717010561104046,-0.180675773192698,-0.0494353365217481,0.513471411337101
"Peruvian grunt",0.888092006386971,0.36363310988889,0.875568987502085,0.320597641463301,0.126607154475325,-0.245635095612935,0.711251932099551,-1.51580225792877,0.571420939154923,1.01264851451849,-0.115942882684845,0.103750812219229,-0.307803860186898,-0.115942882684845,-1.23971852452357,-0.150664565525522,-0.0107940236597706,0.760400991363637,0.674947285001484,0.00175984059761196,-0.415781719479151,0.449976048968031,1.21350040524392,0.0567701205285071,0.358922542915503,0.992716379803815,0.458733519283203,-0.477950484053113,-0.0492152334083878,-0.477950484053113,2.67230678123388,-0.0622841368462299,0.493173640546088,0.103750812219229,1.67255506936053,0.707667662745674,-0.129718226743494,0.526707336791124,-4.49711868060741,-2.31935131738546,0.368326326668375,0.382303142292802,0.0567701205285071,0.0686786830494774,-0.728600101254435,-0.348258271125025,-1.06957190065735,-0.856710430782447,0.325451768915122,-0.945497067503575,0.214140749684203,-0.315792644443874,-0.728600101254435,-0.674370346257661,0.265944913212813
"Peruvian hake",-4.03849862390117,-2.46957245362215,-2.9397125409413,-0.534078533208176,-0.604791345591829,-0.720853809325764,-0.632259353083378,-0.287000328953923,-0.865152758052175,0.884812594001288,0.740012637028046,0.552252789839495,0.618342453270993,0.722635797598243,1.49803449068466,0.619554118782367,1.01983922457453,0.401459378585723,-0.312203575271991,-1.43556024260654,-0.893647902843817,-0.584020498042905,-0.024033456710609,-0.171533179767308,0.497561422141312,0.578926285955193,0.852949515717995,0.439855981627153,-0.209972541699582,0.584774798055346,0.900470258126622,1.11504465556747,1.30827621115748,1.1071302519529,0.579943159224019,-0.0356064942303576,0.550240560692275,0.851781993040599,0.108313026039393,-1.22936484233549,-0.0279514813649629,-0.19921763814071,-0.229688586302259,-0.176457314068517,-0.103421173693654,0.120524539983548,0.0184609451034651,-0.0478274068584538,-0.142297639276396,0.227166000563792,0.345463468063617,0.25059107979456,0.437033976354184,0.507340142352349,0.475931964014811
"Peruvian moonfish",-0.458900313039634,-0.67130064167223,-0.341449124392701,-0.0355380054670211,0.951076492970069,1.23132275582433,0.780901243563629,0.676699308150143,-0.880192563095775,-0.733353420901132,-0.599005434549736,-0.959788788842878,-1.28927721836925,-3.0965733597202,-1.65329962940751,-0.66542691427672,-1.10867308021426,-1.07358925558431,-1.33975494898869,-2.53415426535656,-0.746553925984091,-0.529631698096317,-0.395483979236276,-1.1332283477516,-0.410734448915278,-0.38060325458035,0.0261923998948017,0.23326003230734,-0.101839789439178,0.176648522672693,0.345394261639219,-0.588601798558354,0.281349364377549,-0.00889142473515314,0.559913161067784,1.08416727384163,0.741435218154374,-0.0995103755283632,0.125662258611737,0.581753324264083,0.246633106576237,-0.118398014350186,0.551920862876305,0.610933948024714,0.785866842294203,0.877099641429092,0.855408344354743,1.00682367943725,1.18464762543891,0.890682946634332,1.19854985670875,1.68370230925431,1.57023876700134,1.46202384090057,1.2334466327836
"Peruvian morwong",-1.83918690443199,-1.15731899061643,-1.64228118855931,-0.628787440421519,-1.3676717596783,-0.76427773827071,0.621939841965579,0.00705540971062927,0.207464163906671,1.19953187386112,-0.494144986063474,-0.757692747274299,-0.488258541226302,-1.20225852760915,-1.00882710398304,-0.450460992437674,0.0163689696777522,0.311446216481532,-0.152847883929836,-1.18185345283514,1.02759210939246,0.861662159219036,1.41231753773122,0.415329659809663,0.294167927235519,0.678240262820496,0.348793093280196,-1.2986337545208,-0.805326555382737,-1.22913179372101,-1.52902796284395,-1.59070231842962,0.404677173873886,1.09282187309796,-1.57154617580946,0.0916212573368055,0.725241907024084,0.248593850950733,0.833324595402102,0.518662644439519,1.16441234110118,0.910663386057798,0.606537462212909,2.49166348707113,0.352574107183932,0.928674609640507,0.253857522614084,0.180447579585814,0.447936137759662,0.192145141733225,2.63161214550017,0.633020378459346,-0.0836902699412201,-0.651821533179796,-0.214648204970991
"Peruvian seabass",0.961975976129533,0.935862514601853,0.314236301159039,0.955627467624525,0.931393905517615,1.48727194583586,0.975655206695454,0.702662755582397,0.505731031086768,0.571148090431065,0.801150738071968,-0.116632619065548,-0.744635942510342,-0.591484999186177,0.00655740395618485,-1.08658304222561,-0.509643238807004,0.343181005477896,0.549553495165499,-0.35290673108347,1.55989403611182,1.65547494460911,1.29186469834939,0.73394834694859,1.21165241439291,0.467068937407266,0.396909356807834,-1.00981218865664,0.939289634301588,0.454350569072842,0.186657402888483,1.22866966202508,0.958292981558516,0.0163291557255597,-0.0404257589176214,0.310450513510751,0.768524547985132,-0.531613189177728,-0.98725548933163,-0.70169529634294,-1.29360683086796,-1.9374719830601,-2.25103082699781,-1.23549960424338,-1.02543114303575,-0.188507755511826,-1.6531751680746,-1.6146246250047,-0.966061133143408,-2.14353062966146,-0.67567328439172,0.200968366345087,0.266298423174758,-1.29816529977738,0.26681495052442
"Peruvian seacatfish",-1.10147400605804,-0.0238767158986269,-1.06484135416831,-0.740185646750824,-0.626234438900226,-1.34146760308136,-1.03073717116878,-2.36936589671432,-2.36936589671432,-0.888531725401306,-0.913886749199274,-0.940612965527671,-0.913886749199274,0.0133696102974286,-0.191060277637757,-0.0979311108262697,0.00533179758537539,0.00936704113908962,-0.0325491241350087,-0.397552882206507,-0.597980200983354,-0.84141851292428,-0.0831743555790625,-0.84141851292428,-0.337300966958942,-0.740185646750824,-0.626234438900226,-0.940612965527671,0.0133696102974286,0.792729764688551,0.458267675265434,1.32383788686296,0.458267675265434,0.123672723433171,1.21297177299409,2.22942822201038,2.25484179441076,1.56103181086358,1.81315716664018,0.923053579335742,1.10696288328722,0.792729764688551,1.0814470955725,0.864673449692949,0.495710015444729,0.451741975340347,-0.156152983835646,0.513418700454513,0.0907062039743726,0.426473377731996,0.709477967919399,0.481999332775962,NA,NA,NA
"Peruvian weakfish",-0.774061724579373,-0.627245130268388,0.181891854578697,0.627078670904512,-1.26697331470776,-0.812956679633837,-0.759090731497758,-0.461538518544593,-1.58085716786634,1.37798370720119,0.965878961063177,-1.10626148728758,-0.971029545193596,-0.460679182631495,-0.487754507516179,-0.501251971497976,-0.911766197173717,-0.202728100141376,-0.444608685516489,0.465312812819059,1.68519240659704,0.325972135901418,0.283669507926587,0.570680515346393,0.230754067531713,0.0437649620541072,0.510038347821116,-1.4694601314856,-0.637223093286046,1.83844719022408,0.601655004237549,1.6589008683757,1.30841887600229,0.699177097845245,2.15353966280844,1.61445545917015,0.891671259209511,0.113830967873498,-0.414417943553131,0.437716615943228,-0.9001811894171,-0.543328752825328,-2.67573404398773,-1.36335281358569,-1.43489428645133,-0.881612333976856,0.138522018421133,0.217591425852408,-0.635447298056034,-0.204254781981255,0.402699006177433,0.26141857971386,1.27552340008194,0.89870026249307,0.748223968488026
"Peruvianbanded croaker",-0.166050899852939,0.116518269190096,-0.193078438972662,-0.395939031205422,0.126047989248618,0.131908428552118,0.0963654631163439,0.175776638531065,-0.309342351935046,0.748234201450411,1.00517897033797,0.66437490843479,0.3883706180896,0.592480807076501,0.740597225226526,0.643482266526686,0.172268304779888,0.81941381732462,0.983691335909309,0.177250300933026,0.906081015645672,2.60471772394343,1.63541134574569,1.44130364756638,1.51551698555696,0.955108559311018,1.15340368249245,0.160370378383569,0.669580606249101,0.973017229274564,0.0207066692592698,0.53986628022732,0.179133647546892,-0.425031682536183,0.284065172450695,0.69582758564547,0.613006940833068,0.165051677126713,-0.923409967414281,-1.16955969954505,-0.598773281043792,-2.01261481278519,-1.97900964707226,-1.39221034854173,-1.52326156248144,-1.69136555284754,-0.737238224707787,-1.54532785012642,-1.26977325633815,-1.37404358314544,-0.839338531728103,-0.407062006082795,-0.574051284970112,-1.1501031630533,-1.4175435156002
"Rays",-1.07100828294102,-1.20072807696442,-0.445304927030071,1.25081988567246,1.55548251810441,0.697412010934579,1.13561964456471,-0.655549770544012,-0.908580948943581,-0.886171595457299,-0.29443799511805,-0.237529623958803,-0.809107430041712,-0.49721765953187,-0.163625061229695,0.418382003406201,0.301550790147179,0.635695153808832,0.773758143053015,0.886310104832087,1.15992994580117,1.43706651808888,1.87024066634653,2.00127875424509,2.06455406572835,2.33384996125125,1.04637904544415,-0.0677911570587804,0.366196718346994,0.790369570960397,-0.430985897567494,-0.272187648359411,-1.0368794983332,-0.968794407464741,-0.62241952795827,0.29331963389604,0.868358430317922,-0.196294115224197,0.128402219328853,-0.00914815426071858,-1.3258357671083,-1.91678307414104,-0.79109553805111,-1.34117467997383,-1.03654964310109,-0.660329925462672,-0.731027553034505,-0.970804729052816,-0.204456046407143,-1.62402717080031,-0.448940461053735,0.305637978213791,0.28344931138327,-0.236391816872647,-0.542884890829632
"Seasnail thais",-2.22568079111534,-2.2220783401984,-2.95714528967111,-2.12914479381222,-3.05118608507226,-1.79002706367578,-1.40906410003852,-0.796726096967094,-0.499137887946946,-0.232881907918136,-0.360121702591146,-0.332934058557813,0.255948875553114,0.177706130445908,0.0157715265345255,0.279110673422183,0.622497002161211,0.576745374737301,0.526725324384647,0.206236967234647,0.879466205057791,0.637340761860438,1.27465765400491,1.19913404347615,1.5583423090954,1.51251245941712,0.696051334495175,-0.00513179938738691,0.467693225691284,0.235727217562552,0.100990951385619,0.474720671641722,-0.0235718763677486,1.12345203755056,0.357108649156762,0.687475341753426,0.205232151189269,0.776822293810677,0.0424591147781532,0.0417781317500993,0.10287032553946,0.3252973798348,0.483867967884698,0.219630122444358,0.567803079764903,0.367856900071197,0.0593419509203543,0.242623775633587,0.215920091154496,-0.0724733519911094,0.357986280140655,0.208926562830015,0.447149360521768,-0.35373090042681,-0.0699441791531268
"Sharks",-2.56209308180214,-2.56209308180214,-2.56209308180214,-2.56209308180214,-2.56209308180214,-0.548675467518759,-2.56209308180214,-0.589194183088476,-0.64570965861935,-0.500262945255872,-0.55470391207419,-0.495132186540238,-0.338761600742213,-0.645219775131927,-0.0149387566853153,0.446343649601257,0.265849977215255,0.409886690048252,0.251510236280071,0.240660714603095,0.449356592332835,0.0721515741895486,0.436334343740384,0.340761744218718,0.348054778660597,0.297249825297977,0.102971710147695,-0.0440057802029859,0.485251505405541,0.275404098356644,-0.0164265449111563,0.0655337270299479,0.359749756415009,0.45346006530386,0.792128767895161,0.626554717453575,0.764477429315325,0.697833477937847,0.675465006244915,0.77409267241012,0.705888803275322,0.723328556070755,0.835615757501992,0.535880818660864,0.382746858257513,0.59151341669497,0.733743276619552,0.671190988000441,0.496713720113552,0.535894888745672,0.73285478707718,0.876563145191788,0.829828385349713,0.705643298454185,0.777099541466166
"Shrimp",-1.84751708436512,-1.49216849095992,-1.48868587427303,-1.58018693116585,-1.65947110148185,-1.07629942303307,-1.5781783819137,-1.29356852114977,-0.901276270564513,-0.901951605180346,-1.32478740471324,-0.588194671120775,-0.72548481853274,-1.23316711875286,-1.3089820079288,-1.12271242288658,-0.982648403195207,-1.13144763152524,-0.561448815585137,0.561761865440232,-0.272603273257093,-0.0411823989711714,-0.0813701613537119,0.249044353684782,0.0686502695129387,0.209857104258552,0.346626886111077,0.590651663356274,0.532002325183784,0.534219011301585,0.556608832491636,0.633589753290545,0.532540429915705,0.859660208259664,1.08067011645398,0.381877000278316,-0.466683194780631,0.262580589980677,0.0315478936200161,0.0810049669953827,0.314912418251495,0.573894706652113,0.696320290868997,0.812125911104538,0.856234497364603,0.929866401585056,1.02258356007692,1.24788701440254,1.26152142858507,1.20360904269002,1.27835697769529,1.6741024312788,1.3021810759899,1.54375848020679,1.42976849980306
"Skates",0.0188510972977283,0.382232635561198,0.700077944550869,1.24214571467252,1.40850572183114,0.945074153305192,1.13617953208748,0.211403634031623,0.204785962704266,0.332480470230105,0.574392248882308,0.517893877809109,0.459265616488745,1.24017675247044,1.14919700040372,1.22319083428259,0.76759079513627,1.80589887566674,1.75558499758068,0.357840943334461,0.494027915895479,0.956450316900207,1.18206656318895,-0.148027431687314,1.49017035825808,0.421317845828768,0.265045981429394,-0.227956560745685,-0.687187985428139,-1.13658920615717,-0.279071799312125,-1.01340100824524,-1.20841759781749,-0.736066445636643,-0.511932734235471,0.52799851217858,-0.873146273217937,-1.05986510048029,-0.570757517966466,-1.13658920615717,-1.49057180268676,-1.49057180268676,-1.49057180268676,-0.980645132592304,-0.565180193708688,-1.53971909033275,-1.68221846587248,-1.32484806527916,-0.743364805855921,-0.873146273217937,NA,NA,NA,NA,NA
"Skipjack tuna",0.81053056444344,0.99912651620162,-0.131955886004937,0.253271551472882,-0.118383370832991,0.184910597567766,0.50282195676681,0.210222527385192,-0.0384769035491914,0.913655920783737,0.634476272868557,1.20760150505012,1.47015703303218,1.48694816951261,1.58476555189736,1.05425839365711,0.000646504054766056,-1.44482448452328,-1.44782221913527,0.13586896265818,-0.539907662554586,-1.81317639772413,-1.3899167329344,-0.595931314015388,0.0122794116571992,-0.495513141971798,-1.81786598657351,-2.03215128389056,-0.0794856014640552,-0.389275431228869,-0.483492904162985,-0.616434757834544,-1.45969085158677,-1.04396589693233,0.145882914630741,-1.10453456845982,-1.1853066269691,-1.8916333186958,-0.56053959814764,0.810561631501134,0.146970320862503,0.898844431963293,0.228963768073031,0.313772930910515,0.202948517062047,1.49168451778762,1.19300476174586,1.06759228779898,0.806697463318767,0.98258819617554,0.929231758352413,NA,NA,NA,NA
"Smoothhounds",-0.562063716130043,-0.289985518896451,0.144876715050882,1.01328603747549,1.45401935423833,0.634607045710227,1.06038009942063,0.600632551438277,0.431001922302784,1.81212822934975,1.23371656422484,0.994841561017817,0.451113476790349,0.659429815486554,0.875656043519232,0.200056508413711,0.43984399034627,0.645376250553116,0.484546188765228,0.422157955097817,2.00687726634981,0.496803814930795,0.769800880548078,0.899892722057744,1.18727212669259,1.09874578419279,-0.0528494536964129,-1.51446701389079,0.451319060597316,0.49033995403537,-1.12268311632668,-0.813263081739341,-1.23260955263693,-1.25820124086936,0.428098877822636,-1.39840805158073,-0.82844970932203,-0.598288688646287,0.116727969550292,-2.78923970148649,-0.985946077868974,-0.53060917726675,-2.23746799029158,-1.31096420496591,-1.2188072696429,-0.749912297334384,-0.405907652270384,-0.192257704539197,-0.661764541849299,-0.826614013430836,-0.304165410661746,0.468937943413608,0.578896927285908,0.317475587548691,-0.983934038883462
"Southamerican pilchard",-0.258033670497083,-0.334387575286673,-0.675049058069215,-0.642047071143323,-0.67877631711363,-0.802239756212117,-1.02858237962564,-0.384826613559014,-0.373328242184197,0.379095115849918,0.230568516654026,0.19480552420309,0.447989351393009,0.845842115924046,0.936907443954058,1.01539669435135,0.977233380610253,0.921683030427114,0.982083747075,0.919420870395525,1.1340719705049,1.14407845726725,1.01559980674209,1.10393265493607,1.1882314922412,1.11373669148054,1.17314268187693,1.18303747706747,1.0801621262469,0.974095747248158,0.988904902723379,0.938420726158929,0.893793613461095,0.765440172883473,0.872068158783711,0.473084904424419,0.514557482418772,0.187139126436734,-0.352965552202567,-0.29416438129372,-0.723387512084194,-0.873473578453037,-1.42747283875689,-1.54098562591071,-2.10714556925862,-1.72697855965796,-1.82845819316318,-1.51235581386062,-1.28336094699796,-1.76188567157631,-0.889965613148404,-0.673875703046374,-0.805200603137747,-0.806320603810366,-0.809256533689871
"Swordfish",1.01461781468623,0.380575492387422,0.156750862525977,1.2229331254619,0.944269534893639,1.17129192385356,1.58099173928504,0.13289479507535,0.748104778628039,1.46174416893106,0.659234451053192,0.0440438664521892,0.396096953358822,0.59565907825564,0.616789654164039,0.141958954632301,0.220220829408833,-0.26589597890966,0.0296100184777731,0.274925376710217,0.481231503773417,-0.547126425815469,-1.07641063418023,-0.389235872361629,-0.557333871101654,-2.04214682554555,-2.43481323840578,-2.04214682554555,-1.22247027969277,-0.366723060170595,0.424100902758987,-1.64948041268533,-1.9157364753272,-1.00399329938841,-0.224353967688154,-1.2568139998251,-1.22247027969277,0.502245246853239,0.362589921891273,-0.338033492561407,-0.91991368016611,-0.939792838675695,-0.253712759104121,-0.527247267305885,-0.149424443029657,0.824007003755175,0.592961464174494,1.26118679913555,1.66025905609907,1.32851067031526,1.43699973321548,0.420446065007187,0.639655901670619,-0.381631759712258,NA
"Tunafish",0.943366400680453,0.0400705316543571,0.48574639369151,0.0835783148778095,0.10474434981674,0.23248490113897,0.886106127121404,0.627422923173354,-0.342629074983914,0.578600495050577,0.365872100944548,0.244746088738625,-0.0950365161995373,-0.156250212294468,0.14001343510816,-0.493715366721177,-1.26081713244479,-0.858225591393621,-1.80424519344913,0.379429967489718,-0.142214878143566,-2.01101621114235,-1.18677630307099,-1.60795464935869,-0.0298018767559016,-0.61957515499124,-1.32440853704337,-2.57282991050191,-1.36731716439338,0.134470337366261,-2.0048583530653,-0.994004217332069,-0.959434302780824,-0.999453106038711,1.18771887991597,-0.0721208442578898,-0.145457748755056,0.263399307946573,0.559124785678387,0.952219897876749,0.348696044375472,1.14320954919329,1.09733193040228,0.244340293485005,0.194141962494567,-0.154605923296837,1.17230862556115,0.774455663187789,-0.211724291682477,0.831511888386431,1.28835399985506,1.47808967788793,1.29841889931048,1.52188894901148,1.81260983867614
